Book Id,Title,Author,Author l-f,Additional Authors,ISBN,ISBN13,My Rating,Average Rating,Publisher,Binding,Number of Pages,Year Published,Original Publication Year,Date Read,Date Added,Bookshelves,Bookshelves with positions,Exclusive Shelf,My Review,Spoiler,Private Notes,Read Count,Owned Copies,Genres
244608633,"Kagoshima Geçidi (Ancestor Memories, #1)",Poppy Kuroki,"Kuroki, Poppy",Ezgi Uğur,6255882632,9786255882639,2,3.34,Artemis Yayınları,Paperback,304.0,2025.0,2025.0,2026-03-27,2026-03-27,,,read,,,,1,0,"Fantasy, Historical Fiction, Romance, Time Travel, Historical, Fiction, Japan"
33545325,Vejetaryen,Han Kang,"Kang, Han",S. Göksel Türközü,6055162784,9786055162788,5,3.65,April Yayıncılık,Paperback,160.0,2017.0,2007.0,2026-03-27,2026-03-27,,,read,,,,1,0,"Fiction, Horror, Contemporary, Literary Fiction, Book Club, Asia, Audiobook"
244123420,Ergenlik Dönemim,Yukio Mishima,"Mishima, Yukio",Ali Volkan Erdemir,9750766342,9789750766343,4,4.16,Can Yayınları,Paperback,76.0,2025.0,1973.0,2026-03-27,2026-03-27,,,read,,,,1,0,"Memoir, Nonfiction"
210223811,Katabasis,R.F. Kuang,"Kuang, R.F.",,,,2,3.75,HarperVoyager,Kindle Edition,559.0,2025.0,2025.0,2026-03-27,2026-03-27,,,read,Böyle konulu bir kitap anca bu kadar kötü yazılabilirdi,,,1,0,"Fantasy, Dark Academia, Fiction, Romance, Audiobook, Historical Fiction, Mythology"
24213,Alice’s Adventures in Wonderland / Through the Looking-Glass,Lewis Carroll,"Carroll, Lewis","Martin Gardner, John Tenniel",,,4,4.06,Penguin Group (USA),Paperback,239.0,2000.0,1871.0,2026-03-17,2026-03-16,,,read,,,,1,0,"Classics, Fantasy, Fiction, Childrens, Young Adult, Literature, Adventure"
13332441,2001: Bir Uzay Efsanesi,Arthur C. Clarke,"Clarke, Arthur C.","Oya İşeri, Ardan Tüzünsoy",9756902019,9789756902011,4,4.18,İthaki Yayınları,Paperback,365.0,1998.0,1968.0,2026-03-16,2026-03-16,,,read,,,,1,0,"Science Fiction, Fiction, Classics, Audiobook, Space, Science Fiction Fantasy, Fantasy"
18276483,Kurtlarla Koşan Kadınlar: Vahşi Kadın Arketipine Dair Mit ve Öyküler,Clarissa Pinkola Estés,"Estés, Clarissa Pinkola",Hakan Atalay,,,2,4.1,Ayrıntı Yayınları ,Paperback,538.0,2003.0,1992.0,2026-03-12,2026-03-12,,,read,Kitaptan rastgele üç bölüm falan seçip okursanız hepsini okumuş oluyorsunuz çoğu birbirinin aynısı,,,1,0,"Nonfiction, Feminism, Psychology, Spirituality, Self Help, Mythology, Womens"
10350478,Haşlanmış Harikalar Diyarı ve Dünyanın Sonu,Haruki Murakami,"Murakami, Haruki",Hüseyin Can Erkin,6051119639,9786051119632,1,4.11,Doğan Kitap,Paperback,561.0,2011.0,1985.0,2026-03-09,2026-03-09,,,read,Ben Haruki Murakamiyim. Okunurluğu önemsemeden birkaç yaratıcı metafor sıkıştırıp 73838393 bininci isimsiz manic pixie dream girl'ünü dünyanın en basit ana karakterine aşık edeyim ama üç cümlede bir kadınları aşağılamaktan da geri kalmayayım. Bu arada kitap boyunca karakterler betimlenmemiş bir arkaplan önünde konuşmak dışında bir şey yapmıyor. Kitabım 1500 lira bu arada buyurun iyi okumalar.,,,1,0,"Fiction, Fantasy, Magical Realism, Japan, Japanese Literature, Science Fiction, Contemporary"
242911669,"Oyunların Oyuncusu (Kültür, #2)",Iain M. Banks,"Banks, Iain M.",Doğa Özışık,6052656263,9786052656266,2,4.28,İthaki Yayınları,Paperback,392.0,2025.0,1988.0,2026-03-09,2026-03-09,,,read,,,,1,0,"Science Fiction, Fiction, Space Opera, Audiobook, Science Fiction Fantasy, Fantasy, Cultural"
222950704,Bozkırda Bir Kral Lear,Ivan Turgenev,"Turgenev, Ivan",Sabri Gürses,6059908594,9786059908597,2,3.63,Kırmızı Kedi,Paperback,196.0,2018.0,1870.0,2026-03-01,2026-03-01,,,read,,,,1,0,"Russia, Classics, Fiction, Russian Literature, Literature, 19th Century, Short Stories"
43721254,Uğultulu Tepeler,Emily Brontë,"Brontë, Emily",Naciye Akseki Öncül,9750738918,9789750738913,5,3.9,Can Yayınları,Paperback,408.0,2019.0,1847.0,2026-02-23,2026-02-23,,,read,,,,1,0,"Classics, Fiction, Romance, Gothic, Historical Fiction, Literature, Audiobook"
702288,Parallel Myths,J.F. Bierlein,"Bierlein, J.F.",,0345381467,9780345381460,3,3.77,Ballantine Books,Paperback,353.0,1994.0,1994.0,2026-02-18,2026-02-18,,,read,,,,1,0,"Mythology, Nonfiction, Religion, History, Philosophy, Reference, Historical"
45437968,"The Vampire Lestat (The Vampire Chronicles, #2)",Anne Rice,"Rice, Anne",,0345313860,9780345313867,4,4.11,Ballantine Books,Mass Market Paperback,576.0,2014.0,1985.0,2026-02-14,2026-02-14,,,read,,,,1,0,"Horror, Fantasy, Vampires, Fiction, Paranormal, Gothic, Supernatural"
22844208,"Harry Potter and the Deathly Hallows (Harry Potter, #7)",J.K. Rowling,"Rowling, J.K.",,1408855712,9781408855713,3,4.62,Bloomsbury,Paperback,620.0,2014.0,2007.0,2026-02-10,2026-02-10,,,read,,,,1,0,"Fantasy, Fiction, Young Adult, Harry Potter, Magic, Audiobook, Childrens"
197750636,Hobbit,J.R.R. Tolkien,"Tolkien, J.R.R.",Kemal Baran Özbek,9752733735,9789752733732,3,4.3,İthaki Yayınları,Paperback,368.0,2023.0,1937.0,2026-02-09,2026-02-09,,,read,,,,1,0,"Fantasy, Classics, Fiction, Adventure, Young Adult, Audiobook, High Fantasy"
8391824,"Şafak Vakti (Alacakaranlık, #4)",Stephenie Meyer,"Meyer, Stephenie",,9944821551,9789944821551,1,3.76,Epsilon Yayınevi,Paperback,592.0,2009.0,2008.0,2026-01-31,2026-01-31,,,read,,,,1,0,"Fantasy, Young Adult, Romance, Vampires, Fiction, Paranormal, Paranormal Romance"
19505000,Sırça Fanus,Sylvia Plath,"Plath, Sylvia",Handan Saraç,6054764713,9786054764716,3,4.04,Kırmızı Kedi Yayınevi,Paperback,251.0,2013.0,1963.0,2026-01-26,2026-01-26,,,read,,,,1,0,"Classics, Fiction, Feminism, Mental Health, Psychology, Literary Fiction, Literature"
11128691,"Harry Potter ve Melez Prens (Harry Potter, #6)",J.K. Rowling,"Rowling, J.K.","Sevin Okyay, Kutlukhan Kutlu",9750809955,9789750809958,3,4.58,Yapı Kredi Yayınları,Paperback,594.0,2005.0,2005.0,2026-01-24,2026-01-24,,,read,,,,1,0,"Fantasy, Fiction, Young Adult, Harry Potter, Magic, Audiobook, Childrens"
41117298,"Tutulma (Alacakaranlık, #3)",Stephenie Meyer,"Meyer, Stephenie",Eren Abaka,9944822124,9789944822121,2,3.74,Epsilon Yayınları,Paperback,664.0,2009.0,2007.0,2026-01-24,2026-01-24,,,read,,,,1,0,"Fantasy, Young Adult, Romance, Vampires, Fiction, Paranormal, Paranormal Romance"
29096887,Kadın,Simone de Beauvoir,"Beauvoir, Simone de",Bertan Onaran,,,3,4.0,Payel,Paperback,210.0,1969.0,,2026-01-21,2026-01-21,,,read,,,,1,0,
209342477,Kendine Ait Bir Oda,Virginia Woolf,"Woolf, Virginia","Suğra Öncü, Mîna Urgan",975053624,9789750536243,5,4.22,İletişim Yayınları,Paperback,152.0,2024.0,1929.0,2026-01-21,2026-01-21,,,read,,,,1,0,"Classics, Nonfiction, Feminism, Essays, Philosophy, Writing, Literature"
15792183,"Cariyeler, Bacılar, Yurttaşlar: Kimlikler ve Toplumsal Dönüşümler",Deniz Kandiyoti,"Kandiyoti, Deniz",,9753421508,9789753421508,4,4.26,Metis Yayınları,Paperback,241.0,2007.0,2007.0,2026-01-21,2026-01-21,,,read,,,,1,0,"Feminism, Nonfiction, Gender and Sexuality"
6164596,Bir Bilim Adamının Romanı: Mustafa İnan,Oğuz Atay,"Atay, Oğuz",,,,3,4.08,İletişim Yayıncılık,Paperback,280.0,2000.0,1975.0,2026-01-13,2026-01-13,,,read,,,,1,0,"Turkish Literature, Biography, Turkish, Roman, Nonfiction, Literature, Science"
28352795,Ortaçağ Estetiğinde Sanat ve Güzellik,Umberto Eco,"Eco, Umberto",Kemal Atakay,9755108327,9789755108322,3,3.97,Can Yayınları,Paperback,265.0,2000.0,1987.0,2026-01-11,2026-01-11,,,read,,,,1,0,"Art, History, Nonfiction, Philosophy, Medieval, Art History, Medieval History"
10164955,"Mort (Discworld, #4)",Terry Pratchett,"Pratchett, Terry",,006180388,9780061803888,2,4.24,HarperCollins e-books,Kindle Edition,287.0,2009.0,1987.0,2026-01-09,2026-01-02,,,read,,,,1,0,"Fantasy, Fiction, Humor, Comedy, Audiobook, Science Fiction Fantasy, Magic"
216970860,Girl on Girl: How Pop Culture Turned a Generation of Women Against Themselves,Sophie Gilbert,"Gilbert, Sophie",,0593656296,9780593656297,0,3.88,Penguin Press,Hardcover,352.0,2025.0,2025.0,,2026-01-04,to-read,to-read (#21),to-read,,,,0,0,"Nonfiction, Feminism, Audiobook, History, Pop Culture, Essays, Book Club"
1047811,Monsters From The Id: The Rise Of Horror In Fiction And Film,E. Michael Jones,"Jones, E. Michael",,1890626066,9781890626068,3,4.08,Spence Publishing Company,Hardcover,298.0,2000.0,2000.0,2026-01-04,2026-01-04,,,read,"Ele aldığı konular çok ilginç ve kesinlikle araştırılmıştı, ama keşke AVRUPADA diye belirtseydi başlıkta çünkü sadece orayı temel almış.",,,1,0,"Nonfiction, History, Horror, Philosophy, Film, Cultural, Christian"
11405746,"İnce Memed 4 (İnce Memed, #4)",Yaşar Kemal,"Kemal, Yaşar",,,9789750806995,3,4.62,Yapı Kredi Yayınları,Paperback,639.0,2004.0,1987.0,2025-12-30,2025-12-30,,,read,,,,1,0,"Turkish Literature, Turkish, Roman, Fiction, Novels, Literature, Classics"
56668041,Bir Noel Şarkısı,Charles Dickens,"Dickens, Charles",Çiçek Eriş,6254051826,9786254051821,4,4.09,Türkiye İş Bankası Kültür Yayınları,Paperback,104.0,2021.0,1843.0,2025-12-26,2025-12-26,,,read,,,,1,0,"Classics, Fiction, Christmas, Fantasy, Audiobook, Literature, Historical Fiction"
20332359,"Yeniay (Alacakaranlık, #2)",Stephenie Meyer,"Meyer, Stephenie",Öncü Saraç Tüzüner,9944822116,9789944822114,4,3.62,Epsilon,Paperback,544.0,2009.0,2006.0,2025-12-20,2025-12-20,,,read,Peak,,,1,0,"Fantasy, Young Adult, Romance, Vampires, Fiction, Paranormal, Paranormal Romance"
809995,Prodigal Genius: The Life of Nikola Tesla,John J. O'Neill,"O'Neill, John J.",,1596057130,9781596057135,3,3.97,Cosimo Classics,Paperback,336.0,2006.0,1943.0,2025-12-20,2025-12-20,,,read,,,,1,0,"Biography, Science, Nonfiction, History, Audiobook, Technology, Biography Memoir"
28009943,Kafamda Bir Tuhaflık (Turkish Edition),Orhan Pamuk,"Pamuk, Orhan",,9750830881,9789750830884,4,4.16,Yapı Kredi Yayınları,Paperback,480.0,2016.0,2014.0,2025-12-16,2025-12-16,,,read,,,,1,0,"Fiction, Historical Fiction, Turkish Literature, Turkish, Contemporary, Nobel Prize, Literary Fiction"
32864707,"Ben, Robot",Isaac Asimov,"Asimov, Isaac",Ekin Odabas,6053756040,9786053756040,5,4.21,İthaki Yayınları,Paperback,238.0,2016.0,1950.0,2025-12-14,2025-12-03,ceng411,ceng411 (#1),read,,,,1,0,"Science Fiction, Fiction, Classics, Short Stories, Science Fiction Fantasy, Audiobook, Fantasy"
11298,"A Wild Sheep Chase (The Rat, #3)",Haruki Murakami,"Murakami, Haruki",Alfred Birnbaum,037571894,9780375718946,3,3.94,Vintage,Paperback,353.0,2002.0,1982.0,2025-12-09,2025-12-09,,,read,,,,1,0,"Fiction, Japan, Magical Realism, Japanese Literature, Fantasy, Contemporary, Novels"
818111,A Wild Sheep Chase,Haruki Murakami,"Murakami, Haruki",Alfred Birnbaum,0099448777,9780099448778,0,3.94,Vintage,Paperback,299.0,2003.0,1982.0,,2025-12-09,to-read,to-read (#20),to-read,,,,0,0,"Fiction, Japan, Magical Realism, Japanese Literature, Fantasy, Contemporary, Novels"
2489349,"Harry Potter ve Zümrüdüanka Yoldaşlığı (Harry Potter, #5)",J.K. Rowling,"Rowling, J.K.","Sevin Okyay, Kutlukhan Kutlu",,,2,4.5,Yapı Kredi Yayınları,Paperback,1114.0,2003.0,2003.0,2025-12-08,2025-12-08,,,read,Çocuk kitabının hiçbir şey anlatmadan bu kadar uzun olması için cidden hiç sebep yoktu. Ve J. K. Rowling bir şey yazamıyorsa ölüm yazamıyor.,,,1,0,
25396902,Algernon'a Çiçekler,Daniel Keyes,"Keyes, Daniel",Handan Ünlü Haktanır,6054629867,9786054629862,5,4.24,Koridor Yayıncılık,Paperback,325.0,2015.0,1966.0,2025-12-02,2025-12-02,,,read,,,,1,0,"Fiction, Classics, Science Fiction, Young Adult, Psychology, Literature, Book Club"
34992607,Karanlık Sular,Paula Hawkins,"Hawkins, Paula",Aslıhan Kuzucan,6053756660,9786053756668,2,3.59,İthaki Yayınları,Paperback,400.0,2017.0,2017.0,2025-11-30,2025-11-30,,,read,,,,1,0,
20946316,Othello,William Shakespeare,"Shakespeare, William",Özdemir Nutku,9944884510,9789944884518,3,3.89,Türkiye İş Bankası Kültür Yayınları,Paperback,175.0,2013.0,1603.0,2024-07-22,2024-07-22,,,read,,,,2,0,"Classics, Plays, Shakespeare, Fiction, Drama, School, Theatre"
13636957,Mrs. Dalloway,Virginia Woolf,"Woolf, Virginia",Tomris Uyar,9754700222,9789754700220,2,3.77,İletişim Yayınları,Paperback,192.0,1999.0,1925.0,2025-11-26,2025-11-26,,,read,Acaba ben mi salağım? ,,,1,0,"Classics, Fiction, Literature, Feminism, Novels, Literary Fiction, British Literature"
30294542,"Hırsızlar Cumhuriyeti (Centilmen Piç, #3)",Scott Lynch,"Lynch, Scott","Cihan Karamancı, M. Ihsan Tatari",605375563,9786053755630,3,4.21,İthaki Yayınları,Paperback,688.0,2016.0,2013.0,2025-11-25,2025-11-25,,,read,,,,1,0,"Fantasy, Fiction, Audiobook, High Fantasy, Epic Fantasy, Adventure, Adult"
18761051,Yıldız Tozu,Neil Gaiman,"Gaiman, Neil",Berat Çelik,9756902507,9789756902509,3,4.1,İthaki Yayınları,,304.0,2007.0,1999.0,2025-11-25,2025-11-25,,,read,,,,1,0,
6601360,"Harry Potter ve Ateş Kadehi (Harry Potter, #4)",J.K. Rowling,"Rowling, J.K.","Sevin Okyay, Kutlukhan Kutlu",9750803310,9789750803314,2,4.57,Yapı Kredi Yayınları,Paperback,660.0,2001.0,2000.0,2025-11-24,2025-11-24,,,read,,,,1,0,"Fantasy, Fiction, Young Adult, Harry Potter, Magic, Audiobook, Childrens"
61260807,Justine: Erdemin Felaketleri,Marquis de Sade,"Sade, Marquis de",Birsel Uzma,625840197,9786258401974,1,3.42,İthaki Yayınları,Paperback,376.0,2022.0,1787.0,2025-11-15,2025-11-15,,,read,,,,1,0,"Classics, Fiction, Erotica, France, Philosophy, French Literature, Literature"
216641615,Sir John Mandeville’in Seyahatleri,John Mandeville,"Mandeville, John",Alev K. Bulut,6254183080,9786254183089,5,3.29,Kırmızı Kedi,Paperback,216.0,2024.0,1357.0,2025-11-14,2025-11-14,,,read,,,,1,0,"Travel, History, Classics, Medieval, Nonfiction, Literature, 14th Century"
41865,"Twilight (The Twilight Saga, #1)",Stephenie Meyer,"Meyer, Stephenie",,0316015849,9780316015844,4,3.68,"Little, Brown and Company",Paperback,498.0,2006.0,2005.0,2025-11-09,2025-11-09,,,read,,,,1,0,"Fantasy, Young Adult, Romance, Fiction, Vampires, Paranormal, Paranormal Romance"
202289394,Bataklık,Jun'ichirō Tanizaki,"Tanizaki, Jun'ichirō",Nilay Çalşimşek,6052652551,9786052652558,4,3.64,İthaki Yayınları,Paperback,240.0,2023.0,1928.0,2025-11-09,2025-11-09,,,read,,,,1,0,"Japan, Fiction, Japanese Literature, Classics, LGBT, Queer, Asia"
43440685,Kuyu ve Sarkac & Secme oykuler,Edgar Allan Poe,"Poe, Edgar Allan",,9750738896,9789750738890,2,4.01,Can Yayinlari,Paperback,256.0,2014.0,,2025-11-07,2025-11-07,,,read,,,,1,0,Fiction
125802787,Yagmur ve Ay Öyküleri,Akinari Ueda,"Ueda, Akinari",,6258327842,9786258327847,2,3.78,Ithaki Yayinlari,Paperback,152.0,2022.0,1776.0,2025-11-05,2025-11-05,,,read,,,,1,0,"Japan, Short Stories, Fiction, Japanese Literature, Horror, Classics, Fantasy"
49499288,Yatak Odasında Felsefe,Marquis de Sade,"Sade, Marquis de",İpek Ortaer Mantanari,6053759775,9786053759775,2,3.41,İthaki Yayınları ,Paperback,264.0,2019.0,1795.0,2025-10-29,2025-10-29,,,read,,,,1,0,"Classics, Philosophy, Fiction, Erotica, France, Literature, French Literature"
11772078,Madde 22,Joseph Heller,"Heller, Joseph",Niran Elçi,9752731813,9789752731813,3,3.99,İthaki Yayınları,Paperback,618.0,2010.0,1961.0,2025-10-29,2025-10-29,,,read,,,,1,0,"Classics, Fiction, Historical Fiction, War, Humor, Literature, Novels"
199808953,"Harry Potter ve Azkaban Tutsağı (Harry Potter, #3)",J.K. Rowling,"Rowling, J.K.","Sevin Okyay, Kutlukhan Kutlu",9750803116,9789750803116,3,4.58,Yapı Kredi Yayınları,Paperback,396.0,2023.0,1999.0,2025-10-20,2025-10-20,,,read,,,,1,0,
18629352,Kral Lear,William Shakespeare,"Shakespeare, William",Özdemir Nutku,9944885851,9789944885850,4,3.91,Türkiye İş Bankası Kültür Yayınları,Paperback,190.0,2011.0,1605.0,2025-10-20,2025-10-20,,,read,,,,1,0,
54745818,Hayaletgören,Friedrich Schiller,"Schiller, Friedrich",,9750743083,9789750743085,3,3.27,Can Yayinlari,Paperback,144.0,2020.0,1787.0,2025-10-13,2025-10-13,,,read,,,,1,0,"Classics, Fiction, Gothic, German Literature, 18th Century, Horror, Romanticism"
45189203,A Game of Thrones,George R.R. Martin,"Martin, George R.R.",,0553593714,9780553593716,2,4.45,Bantam Books,Mass Market Paperback,835.0,2011.0,1996.0,2025-10-06,2025-10-06,,,read,,,,1,0,"Fantasy, Fiction, Epic Fantasy, High Fantasy, Adult, Audiobook, Science Fiction Fantasy"
39945460,İnsan Ne İle Yaşar?,Leo Tolstoy,"Tolstoy, Leo",Orhan Ertuğrul Tekin,6053757659,9786053757658,4,3.98,İthaki Yayınları,Paperback,120.0,2018.0,1885.0,2025-09-29,2025-09-29,,,read,,,,1,0,"Classics, Fiction, Short Stories, Russian Literature, Russia, Philosophy, Roman"
61100916,Küçük Otel,Christina Stead,"Stead, Christina",Bülent O. Doğan,6254059223,9786254059223,2,3.11,Türkiye İş Bankası Kültür Yayınları,Paperback,200.0,2022.0,1973.0,2025-09-28,2025-09-28,,,read,,,,1,0,
41886271,The Sword of Kaigen,M.L. Wang,"Wang, M.L.",,,,3,4.43,Amazon Digital Services,Kindle Edition,651.0,2019.0,2019.0,2025-08-31,2025-08-31,,,read,,,,1,0,"Fantasy, Fiction, High Fantasy, Adult, Audiobook, Epic Fantasy, Book Club"
28931896,"Işığın Anısı (Zaman Çarkı, #14)",Robert Jordan,"Jordan, Robert",Brandon Sanderson,6053753068,9786053753063,4,4.58,İthaki Yayınları,Hardcover,928.0,2017.0,2013.0,2025-08-31,2025-08-31,,,read,,,,1,0,"Fantasy, Fiction, Epic Fantasy, Audiobook, High Fantasy, Science Fiction Fantasy, Epic"
25707551,"Kızıl Gökler Altında Kızıl Denizler (Centilmen Piç, #2)",Scott Lynch,"Lynch, Scott",Cihan Karamancı,6053754641,9786053754640,5,4.25,İthaki Yayınları,Paperback,696.0,2015.0,2007.0,2025-08-20,2025-08-11,,,read,,,,1,0,"Fantasy, Fiction, Audiobook, Adventure, Epic Fantasy, High Fantasy, Pirates"
21518374,The Goldfinch,Donna Tartt,"Tartt, Donna",,0316242373,9780316242370,2,3.97,Hachette ,Mass Market Paperback,771.0,2013.0,2013.0,2025-08-17,2025-08-11,,,read,,,,1,0,"Fiction, Book Club, Contemporary, Literary Fiction, Audiobook, Dark Academia, Mystery"
12172,Memoirs of Hadrian,Marguerite Yourcenar,"Yourcenar, Marguerite",Grace Frick,0374529264,9780374529260,4,4.21,FSG Adult,Paperback,347.0,2005.0,1951.0,2025-08-11,2025-08-11,,,read,,,,1,0,"Historical Fiction, Fiction, Classics, France, Historical, Philosophy, French Literature"
23674006,Martin Eden,Jack London,"London, Jack",Levent Cinemre,6053322121,9786053322122,4,4.48,Türkiye İş Bankası Kültür Yayınları,Paperback,528.0,2014.0,1909.0,2025-07-31,2025-07-28,,,read,,,,1,0,"Classics, Fiction, American, Literature, Novels, Roman, The United States Of America"
228514368,"Hyperion / Hyperion Kantoları 1. Kitap (Hyperion Cantos, #1)",Dan Simmons,"Simmons, Dan",Can Kantarcı,6052655313,9786052655313,2,4.28,İthaki Yayınları,Paperback,600.0,2025.0,1989.0,2025-07-28,2025-07-28,,,read,,,,1,0,"Science Fiction, Fiction, Fantasy, Space Opera, Audiobook, Science Fiction Fantasy, Horror"
11112513,"İnce Memed 3 (İnce Memed, #3)",Yaşar Kemal,"Kemal, Yaşar",,9750807030,9789750807030,2,4.57,Yapı Kredi Yayınları,Paperback,629.0,2004.0,1984.0,2025-07-12,2025-07-12,,,read,,,,1,0,"Turkish Literature, Turkish, Fiction, Roman, Novels, Literature, Classics"
13561514,"Yeni Bahar (Zaman Çarkı, #0)",Robert Jordan,"Jordan, Robert",Niran Elçi,9752733980,9789752733985,4,4.07,İthaki Yayınları,Hardcover,351.0,2008.0,2004.0,2025-07-11,2025-07-11,,,read,,,,1,0,"Fantasy, Fiction, Epic Fantasy, Audiobook, High Fantasy, Science Fiction Fantasy, Adventure"
208574988,Bir Adamın Savaşı,Haruo Umezaki,"Umezaki, Haruo",Defne Gürtunca,6052653035,9786052653036,4,3.87,İthaki Yayınları,Paperback,64.0,2024.0,1946.0,2025-07-08,2025-07-08,,,read,,,,1,0,
63348187,Lanetli Tavşan,Bora Chung,"Chung, Bora",Sevda Kul,,,4,3.74,İthaki Yayınları,Paperback,232.0,2022.0,2017.0,2025-07-02,2025-07-02,,,read,,,,1,0,"Horror, Short Stories, Fiction, Fantasy, Magical Realism, Science Fiction, Contemporary"
23483428,"Locke Lamora'nın Yalanları (Centilmen Piç, #1)",Scott Lynch,"Lynch, Scott","Cihan Karamancı, M. Ihsan Tatari",6053754196,9786053754190,4,4.3,İthaki Yayınları,Paperback,584.0,2014.0,2006.0,2025-06-30,2025-06-30,,,read,,,,1,0,"Fantasy, Fiction, Audiobook, Adventure, High Fantasy, Adult, Epic Fantasy"
11534108,"En Uzak Sahil (Yerdeniz, #3)",Ursula K. Le Guin,"Guin, Ursula K. Le",Çiğdem Erkal İpek,,9789753420792,3,4.13,Metis Yayınları,Paperback,207.0,1999.0,1972.0,2025-06-30,2025-06-30,,,read,,,,1,0,"Fantasy, Fiction, Young Adult, Classics, Science Fiction Fantasy, Audiobook, High Fantasy"
20503905,"İnce Memed 2 (İnce Memed, #2)",Yaşar Kemal,"Kemal, Yaşar",,,,5,4.52,Yapı Kredi Yayınları,Paperback,459.0,2004.0,1969.0,2025-06-27,2025-06-27,,,read,,,,1,0,"Turkish Literature, Fiction, Turkish, Roman, Classics, Novels, Literature"
22023068,Sokağın Dili Olsa,James Baldwin,"Baldwin, James",Seçkin Selvi,9750812328,9789750812323,3,4.27,Yapı Kredi Yayınları,Paperback,174.0,2007.0,1974.0,2025-06-19,2025-06-18,,,read,,,,1,0,"Fiction, Classics, Romance, Historical Fiction, Audiobook, Book Club, Race"
58176395,Gece Yarısı Kütüphanesi,Matt Haig,"Haig, Matt",Kıvanç Güney,6051981837,9786051981833,2,3.98,Domingo Yayınevi,Paperback,296.0,2021.0,2020.0,2025-06-18,2025-06-18,,,read,,,,1,0,"Fiction, Fantasy, Book Club, Audiobook, Contemporary, Magical Realism, Science Fiction"
32452927,"Geceyarısı Kuleleri (Zaman Çarkı, #13)",Robert Jordan,"Jordan, Robert",Niran Elçi,6053751316,9786053751311,4,4.48,İthaki Yayınları,Hardcover,956.0,2011.0,2010.0,2025-06-15,2025-06-15,,,read,,,,1,0,"Fantasy, Fiction, Epic Fantasy, Audiobook, High Fantasy, Science Fiction Fantasy, Epic"
27256879,Eski Türk Mitolojisi,Jean-Paul Roux,"Roux, Jean-Paul",Musa Yaşar Sağlam,9944795348,9789944795340,0,3.84,Bilgesu Yayıncılık,Paperback,158.0,2012.0,1999.0,,2025-06-15,to-read,to-read (#19),to-read,,,,0,0,"History, Mythology, Nonfiction"
10933665,Beni Asla Bırakma,Kazuo Ishiguro,"Ishiguro, Kazuo",Mine Haydaroğlu,9750811879,9789750811876,4,3.85,Yapı Kredi Yayınları,Paperback,272.0,2007.0,2005.0,2025-06-15,2025-06-15,,,read,Bro çok kolay 5 yapardın bu kitabı ya ,,,1,0,"Fiction, Science Fiction, Dystopia, Book Club, Contemporary, Literary Fiction, Classics"
34742636,Pericles,William Shakespeare,"Shakespeare, William",Hamdi Koç,9944881716,9789944881715,4,3.46,Türkiye İş Bankası Kültür Yayınları,Paperback,120.0,2007.0,1608.0,2025-06-03,2025-06-03,,,read,,,,1,0,"Shakespeare, Plays, Classics, Drama, Fiction, Theatre, Poetry"
32507940,Huysuz Kız,William Shakespeare,"Shakespeare, William",Bülent Bozkurt,9751405653,9789751405654,2,3.73,Remzi Kitabevi,Paperback,160.0,2004.0,1593.0,2025-06-02,2025-06-02,,,read,,,,1,0,"Classics, Plays, Shakespeare, Fiction, Drama, School, Theatre"
13561532,"Fırtına Toplanıyor (Zaman Çarkı, #12)",Robert Jordan,"Jordan, Robert","Brandon Sanderson, Niran Elçi",6053750328,9786053750321,4,4.44,İthaki Yayınları,Hardcover,896.0,2010.0,2009.0,2025-05-31,2025-05-31,,,read,Zaman çarkı lütfen her kitapta son bölümleri çok güzel yazarak beni umutlandırmayı bırak ,,,1,0,"Fantasy, Fiction, Epic Fantasy, Audiobook, High Fantasy, Science Fiction Fantasy, Epic"
108352509,Otranto Satosu,Horace Walpole,"Walpole, Horace",,975074277,9789750742774,2,3.19,Can Yayinlari,Paperback,129.0,2017.0,1764.0,2025-05-31,2025-05-31,,,read,,,,1,0,"Classics, Gothic, Horror, Fiction, Fantasy, 18th Century, Mystery"
43763,"Interview with the Vampire (The Vampire Chronicles, #1)",Anne Rice,"Rice, Anne",,0345476875,9780345476876,2,4.02,Ballantine Books,Paperback,346.0,2004.0,1976.0,2025-05-31,2024-11-06,,,read,,,,1,0,"Horror, Fantasy, Fiction, Vampires, Classics, Paranormal, Gothic"
89724,We Have Always Lived in the Castle,Shirley Jackson,"Jackson, Shirley",Jonathan Lethem,0143039970,9780143039976,3,3.91,Penguin Books,Paperback,152.0,2006.0,1962.0,2025-05-28,2025-05-28,,,read,,,,1,0,"Horror, Classics, Fiction, Gothic, Mystery, Audiobook, Book Club"
208627347,We Have Always Lived in the Caste,Shirley Jackson,"Jackson, Shirley",,,,0,3.91,Viking Press,Hardcover,0.0,1962.0,1962.0,2025-05-28,2025-05-28,to-read,to-read (#18),to-read,,,,1,0,"Horror, Classics, Fiction, Gothic, Mystery, Audiobook, Book Club"
43352954,This Is How You Lose the Time War,Amal El-Mohtar,"El-Mohtar, Amal",Max Gladstone,,,4,3.83,Saga Press,ebook,209.0,2019.0,2019.0,2025-05-18,2025-05-18,,,read,,,,2,0,"Science Fiction, Romance, Fiction, Fantasy, LGBT, Queer, Time Travel"
11112894,"İnce Memed 1 (İnce Memed, #1)",Yaşar Kemal,"Kemal, Yaşar",,9750807146,9789750807145,4,4.5,Yapı Kredi Yayınları,Paperback,436.0,2004.0,1955.0,2025-05-18,2025-05-18,,,read,,,,1,0,"Fiction, Turkish Literature, Turkish, Classics, Roman, Literature, Historical Fiction"
13578175,The Emperor's Soul,Brandon Sanderson,"Sanderson, Brandon",,1616960922,9781616960926,5,4.37,Tachyon Publications,Paperback,175.0,2012.0,2012.0,2025-05-18,2025-05-18,,,read,,,,1,0,"Fantasy, Fiction, Novella, Audiobook, High Fantasy, Short Stories, Magic"
28823401,Kaos'un Kutsal Kitabı,Albert Caraco,"Caraco, Albert",Işık Ergüden,9755707719,9789755707716,3,3.79,Sel Yayıncılık,Paperback,104.0,2016.0,1982.0,2025-05-15,2024-03-17,,,read,,,,1,0,"Philosophy, Nonfiction, French Literature, Essays"
209268670,Eugénie de Franval: Trajik Bir Öykü,Marquis de Sade,"Sade, Marquis de",Birsel Uzma,6052653132,9786052653135,3,3.47,İthaki Yayınları,Paperback,96.0,2024.0,1800.0,2025-05-07,2025-05-07,,,read,,,,1,0,"Fiction, Classics, Erotica, France, Philosophy, Literature, French Literature"
12008285,On Küçük Zenci,Agatha Christie,"Christie, Agatha",Semih Yazıcıoğlu,,9789754050226,0,4.27,Altın Kitaplar ,Paperback,191.0,2008.0,1939.0,2025-05-04,2025-05-04,,,read,,,,1,0,"Mystery, Classics, Fiction, Agatha Christie, Thriller, Crime, Mystery Thriller"
8452073,"Atuan Mezarları (Yerdeniz, #2)",Ursula K. Le Guin,"Guin, Ursula K. Le",Çiğdem Erkal İpek,9753420714,9789753420716,4,4.14,Metis Yayınları,Paperback,151.0,1999.0,1971.0,2025-04-29,2025-04-26,,,read,,,,1,0,"Fantasy, Fiction, Young Adult, Classics, Science Fiction Fantasy, Audiobook, High Fantasy"
7063044,"Harry Potter ve Sırlar Odası (Harry Potter, #2)",J.K. Rowling,"Rowling, J.K.",,9750802950,9789750802959,3,4.43,Yapı Kredi Yayınları,Paperback,314.0,2001.0,1998.0,2025-04-30,2025-04-30,,,read,,,,1,0,"Fantasy, Fiction, Young Adult, Harry Potter, Magic, Audiobook, Childrens"
44629485,Vampir,John William Polidori,"Polidori, John William","Yiğit Yavuz, Yankı Enki, Hamdi Akçay",6053759333,9786053759331,2,3.32,İthaki Yayınları,Paperback,62.0,2019.0,1819.0,2025-04-29,2025-04-29,,,read,,,,1,0,"Classics, Horror, Gothic, Vampires, Fiction, Short Stories, Fantasy"
45019409,Arkadaşlarla Sohbetler,Sally Rooney,"Rooney, Sally",Pınar Umman,6055159767,9786055159764,2,3.73,Monokl ,Paperback,272.0,2019.0,2017.0,2025-04-14,2025-04-13,,,read,,,,1,0,"Fiction, Contemporary, Romance, Literary Fiction, Audiobook, LGBT, Book Club"
43071667,Carmilla,J. Sheridan Le Fanu,"Fanu, J. Sheridan Le",Yiğit Yavuz,6052956402,9786052956403,5,3.87,Türkiye İş Bankası Kültür Yayınları,Paperback,128.0,2018.0,1872.0,2025-04-14,2025-04-14,,,read,,,,1,0,"Classics, Horror, Gothic, Vampires, Fiction, Fantasy, Queer"
38589141,Gizli Tarih,Donna Tartt,"Tartt, Donna",Merve Sevtap Ilgın,6052994010,9786052994016,3,4.15,Pegasus Yayınları,Paperback,656.0,2018.0,1992.0,2025-04-03,2025-04-03,,,read,,,,1,0,"Fiction, Dark Academia, Mystery, Classics, Thriller, Contemporary, Literary Fiction"
42930177,Bana Sadece Anılarımızı Bıraktın,Adam Silvera,"Silvera, Adam",Gizem Yeşildal,6052995874,9786052995877,2,3.91,Pegasus Yayınları,Paperback,304.0,2018.0,2017.0,2025-03-29,2025-03-29,,,read,,,,1,0,"Young Adult, Contemporary, LGBT, Romance, Queer, Fiction, Mental Health"
23609263,"Elantris (Elantris, #1)",Brandon Sanderson,"Sanderson, Brandon",Can Sevinç,6055069539,9786055069537,4,4.16,Akılçelen Kitaplar,Paperback,510.0,2014.0,2005.0,2025-02-26,2025-02-20,,,read,,,,1,0,"Fantasy, Fiction, Audiobook, High Fantasy, Epic Fantasy, Adult, Magic"
22841994,"Harry Potter and the Philosopher's Stone (Harry Potter, #1)",J.K. Rowling,"Rowling, J.K.",,1408855658,9781408855652,3,4.47,Bloomsbury,Paperback,332.0,2014.0,1997.0,2025-02-23,2025-02-23,,,read,,,,1,0,"Fantasy, Fiction, Young Adult, Harry Potter, Magic, Audiobook, Childrens"
125802790,Stepford Kadinlari,Ira Levin,"Levin, Ira",,6258327915,9786258327915,5,3.89,Ithaki Yayinlari,Paperback,144.0,2022.0,1972.0,2025-02-22,2025-02-21,,,read,,,,1,0,"Horror, Fiction, Classics, Science Fiction, Thriller, Mystery, Feminism"
11175115,AZ,Hakan Günday,"Günday, Hakan",,,9786050900682,2,4.06,,Paperback,357.0,2011.0,2011.0,2025-02-21,2025-02-21,,,read,,,,1,0,"Turkish Literature, Turkish, Fiction, Roman, Audiobook, Novels, Literary Fiction"
57301414,Bir Gün Kediler Dünyadan Yok Olsaydı,Genki Kawamura,"Kawamura, Genki",Deniz Topaktaş,6050981531,9786050981537,3,3.79,Dex Kitap,Paperback,184.0,2021.0,2012.0,2025-02-20,2025-02-20,,,read,,,,1,0,"Fiction, Fantasy, Magical Realism, Japan, Contemporary, Japanese Literature, Cats"
7258999,Ayaşlı ile Kiracıları,Memduh Şevket Esendal,"Esendal, Memduh Şevket",,9754940517,9789754940510,2,3.65,Bilgi Yayınevi,Paperback,256.0,1983.0,1934.0,2025-01-31,2025-01-31,,,read,,,,1,0,"Turkish Literature, Roman, Turkish, Audiobook, Fiction, Classics, Literature"
58581203,Gone Girl,Gillian Flynn,"Flynn, Gillian",,,,4,4.15,Crown,Kindle Edition,561.0,2021.0,2012.0,2025-01-31,2025-01-11,,,read,,,,1,0,"Fiction, Mystery, Thriller, Book Club, Mystery Thriller, Crime, Suspense"
10457185,"Yerdeniz Büyücüsü (Yerdeniz, #1)",Ursula K. Le Guin,"Guin, Ursula K. Le",Çiğdem Erkal İpek,9753420579,9789753420570,4,4.01,Metis Yayınları,Paperback,188.0,1994.0,1968.0,2025-01-31,2025-01-25,,,read,,,,1,0,"Fantasy, Fiction, Young Adult, Classics, Audiobook, Science Fiction Fantasy, Magic"
34876422,Denizi Yitiren Denizci,Yukio Mishima,"Mishima, Yukio",Seçkin Selvi,975073419,9789750734199,4,3.83,Can Yayınları,Paperback,152.0,2017.0,1963.0,2025-01-25,2025-01-25,,,read,,,,1,0,"Fiction, Japan, Classics, Japanese Literature, Literature, Novels, Literary Fiction"
55459652,İyi Hissetmek: İlaç Klavuzu İlaveli,David D. Burns,"Burns, David D.",,6056950484,9786056950483,3,4.06,Psikonet Yayıncılık,Paperback,632.0,2020.0,1980.0,2025-01-25,2025-01-04,,,read,,,,1,0,"Psychology, Self Help, Nonfiction, Mental Health, Health, Personal Development, Audiobook"
13561527,"Düş Hançeri (Zaman Çarkı, #11.2)",Robert Jordan,"Jordan, Robert",,9752733565,9789752733565,3,4.03,İthaki Yayınları,Paperback,616.0,2007.0,2005.0,2025-01-09,2025-01-09,,,read,,,,1,0,"Fantasy, Audiobook"
57720442,Yabancı,Albert Camus,"Camus, Albert",Ayça Sezen,9750748670,9789750748677,4,4.03,Can Yayınları,Paperback,112.0,2021.0,1942.0,2025-01-04,2025-01-04,,,read,,,,1,0,"Classics, Fiction, Philosophy, France, Literature, Novels, French Literature"
13561523,"Düş Hançeri (Zaman Çarkı, #11.1)",Robert Jordan,"Jordan, Robert",,9752733417,9789752733411,3,3.94,İthaki Yayınları,Paperback,608.0,2007.0,2005.0,2024-12-31,2024-12-31,,,read,,,,1,0,Fantasy
28358913,Monsieur ya da Karanlıklar Prensi (Avignon Beşlisi #1),Lawrence Durrell,"Durrell, Lawrence",Seçkin Selvi,9755104410,9789755104416,3,3.66,Can Yayınları,Paperback,344.0,1992.0,1974.0,2024-12-31,2024-12-31,,,read,,,,1,0,"Fiction, Literature, British Literature, France, Historical Fiction, Classics, 20th Century"
13635965,"Hercule'ün On İki Görevi (Hercule Poirot, #27)",Agatha Christie,"Christie, Agatha",Çiğdem Öztekin,9752110584,9789752110588,2,3.76,Altın Kitabevi,Paperback,340.0,2009.0,1947.0,2024-12-31,2024-12-12,,,read,,,,1,0,"Mystery, Agatha Christie, Fiction, Crime, Short Stories, Classics, Audiobook"
58705596,Alaycı Kuş,Walter Tevis,"Tevis, Walter",Cihan Karamancı,6257442230,9786257442237,5,4.16,İthaki Yayınları,Paperback,280.0,2021.0,1980.0,2024-12-24,2024-12-24,,,read,,,,1,0,"Science Fiction, Fiction, Dystopia, Post Apocalyptic, Audiobook, Speculative Fiction, Robots"
35168088,Karanlıktan Sonra,Haruki Murakami,"Murakami, Haruki",Ali Volkan Erdemir,6050943214,9786050943214,4,3.74,Doğan Kitap,Paperback,180.0,2017.0,2004.0,2024-12-21,2024-12-12,,,read,,,,1,0,"Fiction, Japan, Magical Realism, Japanese Literature, Contemporary, Fantasy, Novels"
35917540,"Cennet (İlahi Komedya, #3)",Dante Alighieri,"Alighieri, Dante",,9752118968,9789752118966,3,3.96,Altın Kitapları,Paperback,212.0,2014.0,1321.0,2024-12-19,2024-12-12,,,read,,,,1,0,"Classics, Poetry, Fiction, Literature, Religion, Italian Literature, Fantasy"
8668854,Dokuz Öykü,J.D. Salinger,"Salinger, J.D.",Sevin Okyay,9753630484,9789753630481,2,4.18,Yapı Kredi Yayınları,,168.0,2010.0,1948.0,2024-12-19,2024-12-12,,,read,,,,1,0,"Short Stories, Fiction, Classics, Literature, American, Literary Fiction, 20th Century"
51790792,Küçük Kadınlar,Louisa May Alcott,"Alcott, Louisa May","Cevdet Serbest, Damla Göl",6257999405,9786257999403,3,4.05,Türkiye İş Bankası Kültür Yayınları,Paperback,328.0,2020.0,1869.0,2024-03-12,2024-03-10,,,read,,,,1,0,"Classics, Fiction, Young Adult, Romance, Historical Fiction, Audiobook, Childrens"
59144832,Piranesi,Susanna Clarke,"Clarke, Susanna",Berna Kılınçer,6254493985,9786254493980,5,4.21,Alfa Yayınları,Paperback,286.0,2021.0,2020.0,2024-11-29,2024-11-29,,,read,,,,1,0,"Fantasy, Fiction, Mystery, Magical Realism, Book Club, Mythology, Dark Academia"
60117687,Cadının Yüreği,Genevieve Gornichec,"Gornichec, Genevieve",Ceren Gürein,6258475728,9786258475722,5,4.04,İthaki Yayınları,Paperback,336.0,2022.0,2021.0,2024-11-28,2024-11-28,,,read,,,,1,0,"Fantasy, Mythology, Fiction, Romance, Retellings, Witches, Historical Fiction"
13561517,Alacakaranlık Kavşağı (Zaman Çarkı #10.2),Robert Jordan,"Jordan, Robert",,9752733166,9789752733169,3,3.86,İthaki Yayınları,Paperback,520.0,2006.0,2003.0,2024-11-28,2024-11-28,,,read,,,,1,0,"Fantasy, Science Fiction Fantasy"
13561509,Alacakaranlık Kavşağı (Zaman Çarkı #10.1),Robert Jordan,"Jordan, Robert",,9752733123,9789752733121,3,3.67,İthaki Yayınları,Paperback,493.0,2006.0,2003.0,2024-11-28,2024-11-28,,,read,,,,1,0,"Fantasy, Fiction, Science Fiction Fantasy"
433076,Cruel as the Grave  (Justin de Quincy #2),Sharon Kay Penman,"Penman, Sharon Kay",,0140270760,9780140270761,4,3.94,Penguin,Mass Market Paperback,256.0,1999.0,1998.0,2024-11-12,2024-11-01,,,read,,,,1,0,"Historical Fiction, Mystery, Fiction, Historical, Medieval, Historical Mystery, British Literature"
234559,"The Queen's Man (Justin de Quincy, #1)",Sharon Kay Penman,"Penman, Sharon Kay",,034542316,9780345423160,3,3.87,Fawcett,Mass Market Paperback,288.0,2000.0,1996.0,2024-11-06,2024-11-04,,,read,,,,1,0,"Historical Fiction, Mystery, Historical, Fiction, Historical Mystery, Medieval, British Literature"
18719041,Cthulhu'nun Çağrısı,H.P. Lovecraft,"Lovecraft, H.P.",Dost Körpe,9756902566,9789756902561,3,4.01,İthaki Yayınları,Paperback,229.0,2000.0,1928.0,2024-10-31,2024-10-24,,,read,,,,1,0,"Horror, Classics, Fiction, Short Stories, Fantasy, Science Fiction, Lovecraftian"
18224252,Sevginin ve Şiddetin Kaynağı,Erich Fromm,"Fromm, Erich","Yurdanur Salman, Nalan İçten",9753880197,9789753880190,3,4.05,Payel Yayınları,Paperback,160.0,1979.0,1964.0,2024-10-31,2024-10-03,,,read,,,,1,0,"Psychology, Philosophy, Nonfiction, Psychoanalysis, Sociology, Social, German Literature"
13561505,"Kışın Yüreği (Zaman Çarkı , #9.2)",Robert Jordan,"Jordan, Robert",,9752732771,9789752732773,3,3.94,İthaki Yayınları,Paperback,416.0,2006.0,2002.0,2024-10-30,2024-10-27,,,read,,,,1,0,"Fantasy, Fiction"
32719308,Pandora,Anne Rice,"Rice, Anne",İlkin İnanç,9758461702,9789758461707,4,3.8,Martı Yayınları,Paperback,375.0,2007.0,1998.0,2024-10-27,2024-10-11,,,read,,,,1,0,"Horror, Vampires, Fantasy, Fiction, Paranormal, Supernatural, Historical Fiction"
1045592,Gothic Revival (Phaidon Art and Ideas),Phil Baines,"Baines, Phil","Chris Brooks, Anne Béchard-Léauté",0714834807,9780714834801,3,3.5,Phaidon Press,Paperback,448.0,1999.0,1999.0,2024-10-25,2024-10-11,,,read,,,,1,0,
13561499,"Kışın Yüreği (Zaman Çarkı , #9.1)",Robert Jordan,"Jordan, Robert",,9752732712,9789752732711,2,3.78,İthaki Yayınları,Paperback,446.0,2006.0,2000.0,2024-10-22,2024-10-21,,,read,,,,1,0,Fantasy
35917554,"Araf (İlahi Komedya, #2)",Dante Alighieri,"Alighieri, Dante",,975211895,9789752118959,4,4.05,Altın Kitapları,Paperback,228.0,2015.0,1321.0,2024-10-17,2024-10-06,,,read,,,,1,0,"Classics, Poetry, Fiction, Literature, Religion, Italian Literature, Fantasy"
21425014,"Vittorio (New Tales of the Vampires, #2)",Anne Rice,"Rice, Anne",İlkin İnanç,,9786055872571,2,3.55,Martı Yayınları,Paperback,308.0,2009.0,1999.0,2024-10-11,2024-10-03,,,read,,,,1,0,"Horror, Vampires, Fantasy, Fiction, Paranormal, Supernatural, Historical Fiction"
11878691,Felsefenin Tesellisi,Alain de Botton,"Botton, Alain de",Banu Tellioğlu,,9789755702063,1,4.01,Sel Yayıncılık,Paperback,309.0,2008.0,2000.0,2024-10-06,2024-09-30,,,read,,,,1,0,"Philosophy, Nonfiction, Self Help, Psychology, History, Essays, Audiobook"
18339321,Sevme Sanatı,Erich Fromm,"Fromm, Erich",Yurdanur Salman,9753880677,9789753880671,2,4.0,Payel Yayınları,Paperback,125.0,1981.0,1956.0,2024-10-06,2024-10-06,,,read,,,,1,0,"Psychology, Philosophy, Nonfiction, Self Help, Love, Relationships, Classics"
27250648,A Little Life,Hanya Yanagihara,"Yanagihara, Hanya",,1509818235,9781509818235,1,4.27,Picador,Paperback,720.0,2015.0,2015.0,2024-09-29,2024-09-22,,,read,,,,1,0,"Fiction, Contemporary, Literary Fiction, LGBT, Queer, Book Club, Mental Health"
19549400,Hançer Yolu (Zaman Çarkı #8.2),Robert Jordan,"Jordan, Robert",,,,3,3.73,İthaki Yayınları,Paperback,428.0,2006.0,1998.0,2024-09-29,2024-09-22,,,read,,,,1,0,"Fantasy, Science Fiction, Fiction"
35581714,Pinokyo,Carlo Collodi,"Collodi, Carlo",Egemen Berköz,6052951044,9786052951040,3,3.84,Türkiye İş Bankası Kültür Yayınları,Paperback,200.0,2017.0,1882.0,2024-09-22,2024-09-22,,,read,,,,1,0,"Classics, Fiction, Fantasy, Childrens, Italian Literature, Adventure, Italy"
19549392,Hançer Yolu (Zaman Çarkı #8.1),Robert Jordan,"Jordan, Robert",,975273247,9789752732476,3,3.75,İthaki Yayınları,Hardcover,444.0,2006.0,1993.0,2024-09-22,2024-09-22,,,read,,,,1,0,"Fantasy, Fiction"
13294095,Lolita,Vladimir Nabokov,"Nabokov, Vladimir",Fatih Özgüven,9754701016,9789754701012,2,3.87,İletişim Yayıncılık,Paperback,364.0,2001.0,1955.0,2024-09-22,2024-08-08,,,read,,,,1,0,"Classics, Fiction, Literature, Russia, Novels, Romance, Russian Literature"
33239416,Cehennem (İlahi Komedya #1),Dante Alighieri,"Alighieri, Dante",,9752116817,9789752116818,5,4.03,Altın Kitaplar Yayınevi,Paperback,304.0,2015.0,1321.0,2024-09-22,2024-09-08,,,read,,,,1,0,"Classics, Poetry, Fiction, Literature, Religion, Fantasy, School"
61936179,Nagasaki'nin Çanları,Takashi Nagai,"Nagai, Takashi","Esmanur Yiğit, Esranur Yiğit",6258327249,9786258327243,4,4.22,İthaki Yayınları,Paperback,136.0,2022.0,1949.0,2024-09-08,2024-09-04,,,read,,,,1,0,"History, Nonfiction, Japan, Japanese Literature, Religion, Memoir, Biography"
36618299,Genç Werther'in Acıları,Johann Wolfgang von Goethe,"Goethe, Johann Wolfgang von",Mahmure Kahraman,,,3,3.7,Türkiye İş Bankası Kültür Yayınları,Paperback,126.0,,1774.0,2024-09-08,2024-09-03,,,read,Güzel kitaptı lakin Genç Werther'in fazla kastığını düşünüyorum,,,1,0,"Classics, Fiction, German Literature, Literature, Romance, Germany, School"
17409577,Bir Yaz Gecesi Rüyası,William Shakespeare,"Shakespeare, William",Özdemir Nutku,6053605352,9786053605355,2,3.94,Türkiye İş Bankası Kültür Yayınları,Paperback,112.0,2012.0,1595.0,2024-09-08,2024-09-04,,,read,,,,1,0,"Classics, Plays, Shakespeare, Fiction, Fantasy, Drama, School"
61879234,Japon Balığı Kargaşası,Kanoko Okamoto,"Okamoto, Kanoko","岡本 かの子, Esmanur Yiğit, Esranur Yiğit",625832715,9786258327151,4,3.45,İthaki Yayınları,Paperback,136.0,2022.0,1937.0,2024-09-03,2024-09-03,,,read,,,,1,0,"Japan, Fiction, Japanese Literature, Asian Literature, Short Stories, Classics, Asia"
15705037,Macbeth,William Shakespeare,"Shakespeare, William",Sabahattin Eyüboğlu,9754588597,9789754588590,4,3.89,İş Bankası Kültür Yayınları,Paperback,150.0,2006.0,1623.0,2024-08-30,2024-08-30,,,read,,,,1,0,
40744037,Kiliçtan Taç Zaman Çarki Serisi 7. Cilt 2. Kitap,Robert Jordan,"Jordan, Robert",,9752732291,9789752732292,4,4.5,Ithaki Yayinlari,Paperback,,2015.0,,2024-08-30,2024-08-30,,,read,,,,1,0,
25479449,Yeter ki Sonu İyi Bitsin,William Shakespeare,"Shakespeare, William",Özdemir Nutku,9944889598,9789944889599,2,3.6,İş Bankası Kültür Yayınları,Paperback,133.0,2010.0,1604.0,,2024-08-30,,,read,,,,2,0,"Classics, Plays, Shakespeare, Drama, Fiction, Theatre, Literature"
220826,Kürk Mantolu Madonna,Sabahattin Ali,"Ali, Sabahattin",,9753638027,9789753638027,3,4.32,Yapı Kredi Yayınları,Paperback,160.0,1998.0,1943.0,,2024-08-30,,,read,,,,2,0,"Classics, Fiction, Romance, Turkish Literature, Turkish, Historical Fiction, Literary Fiction"
52712114,Peter Pan,J.M. Barrie,"Barrie, J.M.",Çiçek Öztek,6052958901,9786052958902,3,4.03,Türkiye İş Bankası Kültür Yayınları,Paperback,192.0,2019.0,1911.0,2024-08-30,2024-08-08,,,read,,,,1,0,"Classics, Fantasy, Fiction, Childrens, Adventure, Audiobook, Young Adult"
19545145,Veronalı İki Soylu Delikanlı,William Shakespeare,"Shakespeare, William",Özdemir Nutku,6053609714,9786053609711,2,3.39,Türkiye İş Bankası Kültür Yayınları,Paperback,148.0,2013.0,1594.0,2024-08-08,2024-08-08,,,read,,,,1,0,"Classics, Plays, Shakespeare, Drama, Fiction, Theatre, Literature"
13561441,"Göğün Ateşleri (Zaman Çarkı , #5.2)",Robert Jordan,"Jordan, Robert",,,9789752731406,3,4.2,İthaki Yayınları,Paperback,656.0,2005.0,1993.0,2024-03-18,2024-03-15,,,read,,,,1,0,"Fantasy, Fiction, Epic Fantasy, Audiobook, High Fantasy, Science Fiction Fantasy, Epic"
57986884,"Any Way the Wind Blows (Simon Snow, #3)",Rainbow Rowell,"Rowell, Rainbow",,1529039924,9781529039924,2,4.1,Pan MacMillan,Paperback,579.0,2021.0,2021.0,2024-07-25,2024-07-22,,,read,,,,1,0,"Fantasy, Young Adult, LGBT, Romance, Queer, Fiction, Audiobook"
13071749,Kedi Hikâyeleri,Julia Bachstein,"Bachstein, Julia","Esen Tezel, Dürrin Tunç, Aslı Genç, Begüm Kovulmaz, Nazmi Ağıl, Serhan Şimşek, Aylin Karagöz",,9789750818417,2,3.56,Yapı Kredi Yayınları,Paperback,225.0,2010.0,2004.0,2024-07-14,2024-06-30,,,read,,,,1,0,
52732123,"Ben, Kirke",Madeline Miller,"Miller, Madeline",Seda Çıngay Mellor,6053759589,9786053759584,4,4.22,İthaki Yayınları,Paperback,404.0,2019.0,2018.0,2024-07-13,2024-06-30,,,read,,,,1,0,"Fantasy, Mythology, Fiction, Historical Fiction, Greek Mythology, Book Club, Audiobook"
29850626,Fırtına,William Shakespeare,"Shakespeare, William",Özdemir Nutku,6053324094,9786053324096,3,3.78,Türkiye İş Bankası Kültür Yayınları,Paperback,136.0,2015.0,1611.0,2024-07-04,2024-06-30,,,read,This,,,1,0,"Classics, Plays, Shakespeare, Fiction, Drama, Fantasy, School"
18038572,Romeo ve Juliet,William Shakespeare,"Shakespeare, William",Özdemir Nutku,9944888001,9789944888004,3,3.74,Türkiye İş Bankası Kültür Yayınları,Paperback,133.0,2010.0,1590.0,2024-07-03,2024-07-03,,,read,,,,1,0,"Classics, Plays, Fiction, Romance, School, Shakespeare, Drama"
36052495,Altıncı Koğuş,Anton Chekhov,"Chekhov, Anton",Yulva Muhurcişi,6052951567,9786052951569,4,4.23,Türkiye İş Bankası Kültür Yayınları,Paperback,72.0,2017.0,1892.0,2024-06-30,2024-06-30,,,read,,,,1,0,"Classics, Fiction, Russian Literature, Russia, Short Stories, Literature, Novels"
44158405,Kiliçtan Taç Zaman Çarki Serisi 7. Cilt 1. Kitap,Robert Jordan,"Jordan, Robert",,9752732097,9789752732094,4,4.6,Ithaki Yayinlari,Paperback,,2015.0,,2024-06-29,2024-06-26,,,read,,,,1,0,
35161679,Görünmez Adam,H.G. Wells,"Wells, H.G.",Ali Kaftan,6053756784,9786053756781,2,3.63,İthaki Yayınları,Paperback,232.0,2017.0,1897.0,2024-06-27,2024-06-26,,,read,,,,1,0,"Classics, Science Fiction, Fiction, Horror, Fantasy, Audiobook, Literature"
62221453,İyi Eşler,Louisa May Alcott,"Alcott, Louisa May",Nilgün Miler,,,1,3.98,Türkiye İş Bankası Kültür Yayınları,Paperback,360.0,2022.0,1869.0,2024-06-25,2024-03-11,,,read,,,,1,0,"Classics, Fiction, Romance, Historical Fiction, Young Adult, Childrens, Historical"
57596823,Operadaki Hayalet,Gaston Leroux,"Leroux, Gaston",Can Erhan Kızmaz,625765047,9786257650472,2,3.96,İthaki Yayınları,Paperback,360.0,2021.0,1910.0,2024-06-23,2024-06-23,,,read,,,,1,0,"Classics, Fiction, Horror, Gothic, Romance, Mystery, Historical Fiction"
27871290,Notre Dame'ın Kamburu,Victor Hugo,"Hugo, Victor",Volkan Yalçıntoklu,6053320102,9786053320104,5,4.02,Türkiye İş Bankası Kültür Yayınları,Paperback,547.0,2014.0,1831.0,2024-06-22,2024-06-17,,,read,,,,1,0,"Classics, Fiction, Historical Fiction, France, Gothic, Literature, French Literature"
44017627,"Wayward Son (Simon Snow, #2)",Rainbow Rowell,"Rowell, Rainbow",,1250146070,9781250146076,2,3.89,Wednesday Books,Hardcover,356.0,2019.0,2019.0,2024-06-22,2024-03-17,,,read,,,,1,0,"Fantasy, Young Adult, LGBT, Romance, Queer, Fiction, Audiobook"
32486513,Dorian Gray'in Portresi,Oscar Wilde,"Wilde, Oscar","Ezgi Altun, Elif Kadriye Özkılıç",6053755931,9786053755937,4,4.14,İthaki Yayınları,Paperback,216.0,2016.0,1890.0,2024-06-17,2024-06-16,,,read,,,,1,0,"Classics, Fiction, Horror, Gothic, Fantasy, Literature, Dark Academia"
32768522,"Carry On (Simon Snow, #1)",Rainbow Rowell,"Rowell, Rainbow",,1250135028,9781250135025,4,4.16,Wednesday Books,Paperback,528.0,2017.0,2015.0,2024-06-15,2024-03-17,,,read,,,,1,0,"Fantasy, Young Adult, Romance, LGBT, Queer, Fiction, Magic"
17968964,Giovanni'nin Odası,James Baldwin,"Baldwin, James",Çiğdem Öztekin,,,5,4.34,Yapı Kredi Yayınları,Paperback,168.0,2006.0,1956.0,2024-06-12,2024-06-12,,,read,,,,1,0,"Classics, Fiction, Queer, LGBT, Romance, Literary Fiction, Book Club"
43697186,Red at the Bone,Jacqueline Woodson,"Woodson, Jacqueline",,0525535276,9780525535270,0,3.96,Riverhead Books,Hardcover,196.0,2019.0,2019.0,2024-05-30,2024-05-30,,,read,,,,1,0,"Fiction, Historical Fiction, Audiobook, Book Club, Literary Fiction, Contemporary, Adult"
16032164,"Kaos Lordu (Zaman Çarkı, #6)",Robert Jordan,"Jordan, Robert",Niran Elçi,,,0,4.2,İthaki Yayınları,Hardcover,1195.0,2005.0,1994.0,2024-05-30,2024-05-04,,,read,,,,1,0,"Fantasy, Fiction, Epic Fantasy, Audiobook, High Fantasy, Science Fiction Fantasy, Epic"
197427317,Kiraz Çiçeklerinin Altında,Ango Sakaguchi,"Sakaguchi, Ango",Edanur Adalıoğlu Şen,6052652276,9786052652275,2,3.67,İthaki Yayınları,Paperback,80.0,2023.0,1947.0,2024-05-24,2024-05-18,,,read,,,,1,0,"Japan, Horror, Short Stories, Japanese Literature, Fiction, Classics, Asia"
1532779,Pride and Prejudice,Jane Austen,"Austen, Jane",Peter Conrad,0140238212,9780140238211,4,4.3,Penguin Books,Paperback,346.0,1995.0,1813.0,2024-05-24,2024-05-13,,,read,,,,1,0,"Classics, Romance, Fiction, Historical Fiction, Historical, Literature, Audiobook"
141304911,Among Flowers (Picador Collection),Jamaica Kincaid,"Kincaid, Jamaica",,1529077028,9781529077025,0,3.26,Picador  ,Paperback,192.0,2022.0,2005.0,,2024-03-17,to-read,to-read (#5),to-read,,,,0,0,"Nonfiction, Travel, Memoir, Asia, Nature, Gardening, India"
186254260,Koş Melos!,Osamu Dazai,"Dazai, Osamu",Edanur Adalıoğlu Şen,6052652012,9786052652015,2,3.81,İthaki Yayınları,Paperback,72.0,2023.0,1940.0,2024-05-14,2024-05-12,,,read,,,,1,0,"Japanese Literature, Fiction, Japan, Short Stories, Classics, Literature, Asian Literature"
14894462,Fedailerin Kalesi Alamut,Vladimir Bartol,"Bartol, Vladimir",Ender Nail,6054188976,9786054188970,5,4.32,Koridor Yayıncılık,Paperback,510.0,1998.0,1938.0,2024-05-01,2024-04-29,,,read,,,,1,0,"Fiction, Historical Fiction, Classics, Novels, Historical, Literature, Philosophy"
177466695,Çiçeğin Ruhu: Noh Tiyatrosunun Klasik Öğretileri,Zeami,"Zeami, Zeami","Naoki Yamamoto, Rümeysa Taşkın",6052651776,9786052651773,3,3.87,İthaki Yayınları,Paperback,80.0,2023.0,1424.0,2024-04-14,2024-04-08,,,read,,,,1,0,"Japanese Literature, Nonfiction, Japan, Theatre, Philosophy, Art, Classics"
43758766,The Pit and the Pendulum,Edgar Allan Poe,"Poe, Edgar Allan",,6052194782,9786052194782,0,4.14,Karbon Kitaplar,Paperback,59.0,2018.0,1842.0,,2024-03-17,to-read,to-read (#12),to-read,,,,0,0,"Classics, Horror, Short Stories, Fiction, Gothic, Mystery, Literature"
1911378,King Arthur and His Knights of the Round Table (Puffin Classics),Roger Lancelyn Green,"Green, Roger Lancelyn","David Almond, Lotte Reiniger",0141321016,9780141321011,4,3.9,Puffin Books,Paperback,416.0,2008.0,1953.0,2024-04-05,2024-04-02,,,read,,,,1,0,"Classics, Fantasy, Fiction, Arthurian, Mythology, Historical Fiction, Childrens"
58107511,At Night All Blood Is Black,David Diop,"Diop, David",,1782277536,9781782277538,2,3.8,Pushkin Press,Paperback,145.0,2021.0,2018.0,2024-04-02,2024-03-17,,,read,,,,1,0,"Fiction, Historical Fiction, Africa, War, Historical, Literary Fiction, Senegal"
55190484,"The Handmaid's Tale (The Handmaid's Tale, #1)",Margaret Atwood,"Atwood, Margaret",,,,4,4.15,Anchor Books,Paperback,325.0,2020.0,1985.0,2024-03-31,2024-03-18,,,read,,,,1,0,"Fiction, Classics, Dystopia, Science Fiction, Feminism, Book Club, Fantasy"
35425827,"Archenemies (Renegades, #2)",Marissa Meyer,"Meyer, Marissa",,1250311446,9781250311443,0,4.24,Feiwel & Friends,ebook,560.0,2018.0,2018.0,,2024-03-17,to-read,to-read (#17),to-read,,,,0,0,"Fantasy, Young Adult, Science Fiction, Dystopia, Romance, Audiobook, Fiction"
28421168,"Renegades (Renegades, #1)",Marissa Meyer,"Meyer, Marissa",,1250044669,9781250044662,0,4.11,Feiwel & Friends,Hardcover,552.0,2017.0,2017.0,,2024-03-17,to-read,to-read (#16),to-read,,,,0,0,"Fantasy, Young Adult, Science Fiction, Dystopia, Romance, Fiction, Audiobook"
25961799,Christine,Stephen King,"King, Stephen",Gönül Suveren,9754053782,9789754053784,0,3.86,Altın Kitaplar Yayınevi,Paperback,400.0,1993.0,1983.0,,2024-03-17,to-read,to-read (#15),to-read,,,,0,0,"Horror, Fiction, Thriller, Fantasy, Supernatural, Paranormal, Mystery"
24832616,Sil Baştan,Ken Grimwood,"Grimwood, Ken",,6054188232,9786054188239,0,4.15,Koridor Yayıncılık,Paperback,370.0,2010.0,1987.0,,2024-03-17,to-read,to-read (#14),to-read,,,,0,0,"Fiction, Science Fiction, Time Travel, Fantasy, Audiobook, Book Club, Romance"
43376215,The Murders In The Rue Morgue,Edgar Allan Poe,"Poe, Edgar Allan",,,9786052194775,0,3.79,Karbon Kitaplar,Paperback,74.0,2018.0,1841.0,,2024-03-17,to-read,to-read (#13),to-read,,,,0,0,"Classics, Mystery, Short Stories, Fiction, Horror, Crime, Gothic"
23550968,Efendi ile Uşağı,Leo Tolstoy,"Tolstoy, Leo",Ayşe Hacıhasanoğlu,6053328499,9786053328490,0,4.0,İş Bankası Kültür Yayınları,Paperback,144.0,2016.0,1895.0,,2024-03-17,to-read,to-read (#11),to-read,,,,0,0,"Classics, Fiction, Short Stories, Russia, Russian Literature, Literature, Philosophy"
22748386,Beyaz Geceler,Fyodor Dostoevsky,"Dostoevsky, Fyodor",Barış Zeren,6053321397,9786053321392,0,4.07,Türkiye İş Bankası Kültür Yayınları,Paperback,218.0,2018.0,1848.0,,2024-03-17,to-read,to-read (#10),to-read,,,,0,0,"Classics, Fiction, Romance, Russian Literature, Short Stories, Russia, Literature"
60298662,Hagakure: Saklı Yapraklar,Yamamoto Tsunetomo,"Tsunetomo, Yamamoto",Hüseyin Can Erkin,6258475930,9786258475937,0,4.0,İthaki Yayınları,Paperback,168.0,2022.0,1716.0,,2024-03-17,to-read,to-read (#9),to-read,,,,0,0,"Philosophy, Nonfiction, History, Japan, Martial Arts, Classics, Japanese Literature"
52190991,"Any Way the Wind Blows (Simon Snow, #3)",Rainbow Rowell,"Rowell, Rainbow",,1250254337,9781250254337,0,4.1,Wednesday Books,Hardcover,579.0,2021.0,2021.0,,2024-03-17,to-read,to-read (#8),to-read,,,,0,0,"Fantasy, Young Adult, LGBT, Romance, Queer, Fiction, Audiobook"
57585196,The Yellow Bird Sings,Jennifer Rosner,"Rosner, Jennifer",,1529032474,9781529032475,0,4.08,Picador ,Paperback,294.0,2020.0,2020.0,,2024-03-17,to-read,to-read (#7),to-read,,,,0,0,"Historical Fiction, Fiction, World War II, Holocaust, Historical, Audiobook, War"
57675431,Red at the Bone,Jacqueline Woodson,"Woodson, Jacqueline",,1474616453,9781474616454,0,3.96,W&N,Paperback,198.0,2021.0,2019.0,,2024-03-17,to-read,to-read (#6),to-read,,,,0,0,"Fiction, Historical Fiction, Audiobook, Book Club, Literary Fiction, Contemporary, Adult"
141304996,The Autobiography of My Mother,Jamaica Kincaid,"Kincaid, Jamaica",,1529076757,9781529076752,0,3.77,Picador,Paperback,190.0,2022.0,1996.0,,2024-03-17,to-read,to-read (#4),to-read,,,,0,0,"Fiction, Historical Fiction, Literary Fiction, Novels, Literature, Feminism, Womens"
30813725,Find Your Why,Simon Sinek,"Sinek, Simon","David  Mead, Peter Docker",0241279267,9780241279267,0,3.66,Portfolio Penguin,Paperback,208.0,2017.0,2017.0,,2024-03-17,to-read,to-read (#3),to-read,,,,0,0,"Business, Leadership, Nonfiction, Self Help, Personal Development, Psychology, Audiobook"
57986222,"Supernova (Renegades, 3)",Marissa Meyer,"Meyer, Marissa",,1250078393,9781250078391,0,4.37,Square Fish,Paperback,560.0,2021.0,2019.0,,2024-03-17,to-read,to-read (#2),to-read,,,,0,0,"Fantasy, Young Adult, Science Fiction, Dystopia, Romance, Audiobook, Fiction"
6969,Emma,Jane Austen,"Austen, Jane",Fiona Stafford,0141439580,9780141439587,0,4.05,Penguin Books,Paperback,474.0,2003.0,1815.0,,2024-01-18,to-read,to-read (#1),to-read,,,,0,0,"Classics, Fiction, Romance, Historical Fiction, Jane Austen, Audiobook, Literature"
13561434,"Göğün Ateşleri (Zaman Çarkı , #5.1)",Robert Jordan,"Jordan, Robert",,9752731341,9789752731349,3,4.08,İthaki Yayınları,Paperback,628.0,2005.0,1993.0,2024-03-10,2024-03-10,,,read,,,,1,0,"Fantasy, Epic Fantasy, Novels, Science Fiction Fantasy, Ebooks"
17254498,"Gölge ve Kemik  (The Grisha, #1)",Leigh Bardugo,"Bardugo, Leigh",,6053480770,9786053480778,3,3.91,Martı Yayınları,Paperback,446.0,2013.0,2012.0,2024-02-16,2024-01-18,,,read,,,,1,0,"Fantasy, Young Adult, Romance, Fiction, Magic, Young Adult Fantasy, High Fantasy"
17875576,Gölge Yükseliyor (Zaman Çarkı #4 Part 2 of 2),Robert Jordan,"Jordan, Robert",,9752730450,9789752730458,3,4.42,İthaki,Paperback,815.0,2004.0,,2024-02-14,2024-02-03,,,read,,,,1,0,Fantasy
13479534,"Gölge Yükseliyor (Zaman Çarkı, #4)",Robert Jordan,"Jordan, Robert",Niran Elçi,9752730442,9789752730441,3,4.29,İthaki Yayınları,Paperback,629.0,2004.0,1992.0,2024-02-03,2024-01-18,,,read,,,,1,0,"Fantasy, Fiction, Epic Fantasy, Audiobook, High Fantasy, Science Fiction Fantasy, Adventure"
59988299,Ardından,Natsume Sōseki,"Sōseki, Natsume",Habibe Salğar,625847568,9786258475685,2,3.89,İthaki Yayınları,Paperback,312.0,2022.0,1909.0,2024-01-25,2023-12-28,,,read,Tamam gençler artık evlenmiyor tamam gençlerde ahlak ve çalışma azmi kalmamış 200 sayfa önce anlamıştım,,,1,0,"Japan, Japanese Literature, Fiction, Classics, Literature, Asia, Asian Literature"
16032123,"Yenidendoğan Ejder (Zaman Çarkı, #3)",Robert Jordan,"Jordan, Robert",Niran Elçi,9752730493,9789752730496,4,4.28,İthaki Yayınları,Hardcover,692.0,2004.0,1991.0,2024-01-17,2023-12-28,,,read,,,,1,0,"Fantasy, Fiction, Epic Fantasy, Audiobook, High Fantasy, Science Fiction Fantasy, Adventure"
18136930,Dracula,Bram Stoker,"Stoker, Bram",Niran Elçi,,9789758725113,3,4.02,ithaki yayınları,Paperback,423.0,2003.0,1897.0,2024-01-11,2023-12-28,,,read,,,,1,0,"Classics, Horror, Fiction, Fantasy, Gothic, Vampires, Audiobook"
37536045,İkigai: Japonların Uzun ve Mutlu Yaşam Sırrı,Héctor García,"García, Héctor","Francesc Miralles, Meltem Uzun",,9786052361450,2,3.75,İndigo Kitap,Paperback,171.0,2017.0,2016.0,,2024-01-02,,,read,,,,1,0,"Nonfiction, Self Help, Philosophy, Japan, Audiobook, Psychology, Personal Development"
16031842,"Büyük Av (Zaman Çarkı, #2)",Robert Jordan,"Jordan, Robert",Gamze Sarı,9758725726,9789758725724,3,4.27,İthaki Yayınları,Hardcover,772.0,2003.0,1990.0,2023-12-28,2023-12-13,,,read,,,,1,0,"Fantasy, Fiction, Epic Fantasy, Audiobook, High Fantasy, Science Fiction Fantasy, Adventure"
228665,"The Eye of the World (The Wheel of Time, #1)",Robert Jordan,"Jordan, Robert",,0812511816,9780812511819,4,4.19,Tor Books,Mass Market Paperback,800.0,1990.0,1990.0,2023-12-13,2023-12-09,,,read,,,,1,0,"Fantasy, Fiction, Epic Fantasy, Audiobook, High Fantasy, Science Fiction Fantasy, Adventure"
9969571,"Ready Player One (Ready Player One, #1)",Ernest Cline,"Cline, Ernest",,030788743,9780307887436,4,4.22,Crown Publishers,Hardcover,480.0,2011.0,2011.0,,2023-12-09,,,read,,,,1,0,"Science Fiction, Fiction, Young Adult, Fantasy, Dystopia, Audiobook, Book Club"
15839976,"Red Rising (Red Rising Saga, #1)",Pierce Brown,"Brown, Pierce",,0345539788,9780345539786,4,4.27,Del Rey,Hardcover,382.0,2014.0,2014.0,,2023-12-09,,,read,,,,1,0,"Science Fiction, Fantasy, Fiction, Dystopia, Young Adult, Audiobook, Book Club"
36381037,"Cinder (The Lunar Chronicles, #1)",Marissa Meyer,"Meyer, Marissa",,,,5,4.12,Feiwel & Friends,Hardcover,400.0,2012.0,2012.0,,2023-12-09,,,read,,,,1,0,"Fantasy, Young Adult, Science Fiction, Romance, Dystopia, Retellings, Fiction"
6186357,"The Maze Runner (The Maze Runner, #1)",James Dashner,"Dashner, James",,0385737947,9780385737944,3,4.06,Delacorte Press,Hardcover,384.0,2009.0,2009.0,,2023-12-09,,,read,,,,1,0,"Young Adult, Dystopia, Science Fiction, Fiction, Fantasy, Adventure, Audiobook"
9460487,"Miss Peregrine's Home for Peculiar Children (Miss Peregrine's Peculiar Children, #1)",Ransom Riggs,"Riggs, Ransom",,1594744769,9781594744761,3,3.92,Quirk,Hardcover,352.0,2011.0,2011.0,,2023-12-09,,,read,,,,1,0,
186074,"The Name of the Wind (The Kingkiller Chronicle, #1)",Patrick Rothfuss,"Rothfuss, Patrick",,075640407,9780756404079,5,4.52,Penguin Group DAW,Hardcover,662.0,2007.0,2007.0,,2023-12-09,,,read,,,,1,0,"Fantasy, Fiction, Epic Fantasy, High Fantasy, Audiobook, Magic, Science Fiction Fantasy"
44646576,"Bird Box (Bird Box, #1)",Josh Malerman,"Malerman, Josh",,0062259652,9780062259653,4,4.05,Ecco,Hardcover,272.0,2014.0,2014.0,,2023-12-09,,,read,,,,1,0,"Horror, Fiction, Thriller, Dystopia, Audiobook, Mystery, Science Fiction"
